市外局番	MA名	コード	番号区画名
11	札幌	1	北海道江別市、札幌市、北広島市、空知郡南幌町
123	千歳	2	北海道恵庭市、千歳市（東丘の一部を除く。）、苫小牧市丸山
123	夕張	3	北海道夕張市（富野を除く。）
123	栗山	004-2	北海道夕張市富野、夕張郡
124	芦別	6	北海道芦別市
125	滝川	7	北海道赤平市、歌志内市、砂川市、滝川市、雨竜郡雨竜町、樺戸郡（浦臼町および新十津川町に限る。）、空知郡（上砂川町および奈井江町に限る。）
126	岩見沢	008-2	北海道岩見沢市（宝水町を除く。）、美唄市、石狩郡新篠津村、樺戸郡月形町
1267	岩見沢	10	北海道岩見沢市宝水町、三笠市
133	石狩	011-2	北海道石狩市
133	当別	12	北海道石狩郡当別町
134	小樽	15	北海道小樽市
135	余市	16	北海道積丹郡、古平郡、余市郡
135	岩内	17	北海道岩内郡、古宇郡
136	倶知安	18	北海道虻田郡（喜茂別町、京極町、倶知安町、ニセコ町、真狩村および留寿都村に限る。）、磯谷郡
136	寿都	19	北海道島牧郡、寿都郡
137	今金	24	北海道久遠郡せたな町（大成区を除く。）、瀬棚郡
137	八雲	22	北海道二海郡八雲町（熊石相沼町、熊石鮎川町、熊石泉岱町、熊石雲石町、熊石大谷町、熊石折戸町、熊石黒岩町、熊石見日町、熊石関内町、熊石平町、熊石畳岩町、熊石館平町、熊石泊川町、熊石鳴神町、熊石西浜町および熊石根崎町を除く。）
1377	八雲	23	北海道山越郡
1372	鹿部	20	北海道茅部郡鹿部町
1374	森	21	北海道茅部郡森町
138	函館	25	北海道函館市、北斗市、亀田郡
139	松前	27	北海道松前郡
139	江差	028-2	北海道爾志郡、檜山郡
1392	木古内	26	北海道上磯郡
1397	奥尻	30	北海道奥尻郡
1398	熊石	31	北海道久遠郡せたな町大成区、二海郡八雲町（熊石相沼町、熊石鮎川町、熊石泉岱町、熊石雲石町、熊石大谷町、熊石折戸町、熊石黒岩町、熊石見日町、熊石関内町、熊石平町、熊石畳岩町、熊石館平町、熊石泊川町、熊石鳴神町、熊石西浜町および熊石根崎町に限る。）
142	伊達	32	北海道伊達市、虻田郡（洞爺湖町および豊浦町に限る。）、有珠郡
143	室蘭	33	北海道登別市、室蘭市
144	苫小牧	34	北海道苫小牧市（弁天の一部および丸山を除く。）、白老郡
145	早来	35	北海道勇払郡（厚真町（鹿沼を除く。）および安平町に限る。）、苫小牧市弁天の一部、千歳市東丘の一部
145	鵡川	36	北海道勇払郡（むかわ町および厚真町（鹿沼に限る。）に限る。）
1456	門別富川	37	北海道沙流郡日高町（栄町西、栄町東、新町、千栄、富岡、日高、本町西、本町東、松風町、三岩、宮下町、山手町および若葉町を除く。）、新冠郡新冠町里平
1457	門別富川	38	北海道沙流郡（平取町および日高町（栄町西、栄町東、新町、千栄、富岡、日高、本町西、本町東、松風町、三岩、宮下町、山手町および若葉町に限る。）に限る。）
146	浦河	039-2	北海道浦河郡、様似郡
146	静内	41	北海道新冠郡新冠町（里平を除く。）、日高郡新ひだか町
1466	えりも	42	北海道幌泉郡
15	弟子屈	52	北海道川上郡
15	十勝池田	54	北海道十勝郡、中川郡（池田町および豊頃町に限る｡）
152	網走	43	北海道網走市、北見市常呂町、網走郡大空町（東藻琴、東藻琴清浦、東藻琴栄、東藻琴新富、東藻琴末広、東藻琴大進、東藻琴千草、東藻琴西倉、東藻琴福富、東藻琴明生および東藻琴山園に限る。）、斜里郡小清水町
152	斜里	44	北海道斜里郡（清里町および斜里町に限る｡ ）
152	美幌	45	北海道網走郡（大空町（東藻琴、東藻琴清浦、東藻琴栄、東藻琴新富、東藻琴末広、東藻琴大進、東藻琴千草、東藻琴西倉、東藻琴福富、東藻琴明生および東藻琴山園に限る。）を除く。）
153	厚岸	46	北海道厚岸郡
153	根室	47	北海道根室市
153	中標津	48	北海道標津郡中標津町、野付郡別海町（尾岱沼、尾岱沼港町、尾岱沼岬町、尾岱沼潮見町および床丹を除く。）
153	根室標津	49	北海道標津郡標津町、野付郡別海町（尾岱沼、尾岱沼港町、尾岱沼岬町、尾岱沼潮見町および床丹に限る。）、目梨郡
154	釧路	50	北海道釧路市（音別町を除く。）、阿寒郡、釧路郡
1547	白糠	51	北海道釧路市音別町、白糠郡
155	帯広	53	北海道帯広市、河西郡、河東郡音更町、中川郡幕別町（忠類朝日、忠類共栄、忠類協徳、忠類公親、忠類幸町、忠類栄町、忠類白銀町、忠類新生、忠類東宝、忠類中当、忠類錦町、忠類西当、忠類晩成、忠類日和、忠類古里、忠類幌内、忠類明和、忠類元忠類および忠類本町を除く。）
1558	広尾	55	北海道中川郡幕別町（忠類朝日、忠類共栄、忠類協徳、忠類公親、忠類幸町、忠類栄町、忠類白銀町、忠類新生、忠類東宝、忠類中当、忠類錦町、忠類西当、忠類晩成、忠類日和、忠類古里、忠類幌内、忠類明和、忠類元忠類および忠類本町に限る。）、広尾郡
156	本別	56	北海道足寄郡、中川郡本別町
156	十勝清水	58	北海道河東郡鹿追町、上川郡（清水町および新得町に限る。）
1564	上士幌	57	北海道河東郡（上士幌町および士幌町に限る。）
157	北見	59	北海道北見市（常呂町を除く。）、常呂郡（置戸町および訓子府町に限る。）
158	紋別	060-2	北海道紋別市、紋別郡滝上町
158	遠軽	62	北海道紋別郡遠軽町
158	興部	65	北海道紋別郡（雄武町、興部町および西興部村に限る。）
1586	中湧別	63	北海道紋別郡湧別町
1587	中湧別	64	北海道常呂郡佐呂間町
162	稚内	66	北海道稚内市、天塩郡豊富町
163	北見枝幸	70	北海道枝幸郡枝幸町
163	利尻礼文	71	北海道利尻郡、礼文郡
1632	天塩	67	北海道天塩郡（遠別町、天塩町および幌延町に限る。）
1634	浜頓別	68	北海道枝幸郡（中頓別町および浜頓別町に限る。）
1635	浜頓別	69	北海道宗谷郡
164	留萌	72	北海道留萌市、増毛郡、留萌郡
164	石狩深川	73	北海道深川市、雨竜郡（秩父別町、沼田町、北竜町および妹背牛町に限る。）
164	羽幌	74	北海道苫前郡（初山別村、苫前町および羽幌町（天売相影、天売富磯、天売弁天、天売前浜、天売和浦、焼尻白浜、焼尻西浦、焼尻東浜および焼尻緑ヶ丘を除く｡）に限る｡）
1648	焼尻	75	北海道苫前郡羽幌町（天売相影、天売富磯、天売弁天、天売前浜、天売和浦、焼尻白浜、焼尻西浦、焼尻東浜および焼尻緑ヶ丘に限る。）
165	士別	076-2	北海道士別市、雨竜郡幌加内町、上川郡（剣淵町および和寒町に限る。）
1654	名寄	81	北海道名寄市（風連町を除く。）
1655	名寄	82	北海道名寄市風連町、上川郡下川町
1656	美深	83	北海道中川郡（音威子府村、中川町および美深町に限る。）
1658	上川	84	北海道上川郡（愛別町および上川町に限る。）
166	旭川	85	北海道旭川市、上川郡（鷹栖町、当麻町、美瑛町、東神楽町、東川町および比布町に限る。）
167	富良野	86	北海道富良野市、空知郡（上富良野町、中富良野町および南富良野町に限る。）、勇払郡占冠村
17	青森	094-2	青森県青森市（浪岡を除く。）、東津軽郡平内町
172	弘前	87	青森県青森市浪岡、黒石市、平川市、弘前市、北津軽郡板柳町、中津軽郡、南津軽郡
173	五所川原	88	青森県五所川原市、つがる市、北津軽郡（鶴田町および中泊町に限る。）
173	鰺ヶ沢	89	青森県西津軽郡
174	蟹田	90	青森県東津軽郡（今別町、外ヶ浜町および蓬田村に限る。）
175	むつ	91	青森県むつ市、下北郡
175	野辺地	92	青森県上北郡（東北町（旭北、旭南、上野、大浦、上北北、上北南および新館を除く。）、野辺地町、横浜町および六ヶ所村に限る。）
176	十和田	93	青森県十和田市、三沢市、上北郡（東北町（旭北、旭南、上野、大浦、上北北、上北南および新館に限る。）、七戸町および六戸町に限る。）
178	八戸	95	青森県八戸市、上北郡おいらせ町、三戸郡（五戸町、新郷村、南部町（相内、赤石、大向、沖田面、小向および玉掛を除く。）および階上町に限る。）
179	三戸	96	青森県三戸郡（三戸町、田子町および南部町（相内、赤石、大向、沖田面、小向および玉掛に限る。）に限る。）
18	秋田	107	秋田県秋田市、大仙市（協和荒川、協和稲沢、協和上淀川、協和小種、協和境、協和下淀川、協和中淀川、協和船岡、協和船沢および協和峰吉川に限る。）、潟上市、南秋田郡（井川町、五城目町および八郎潟町に限る。）
182	横手	97	秋田県横手市、雄勝郡東成瀬村、仙北郡美郷町（金沢および野荒町に限る。）
183	湯沢	98	秋田県湯沢市、雄勝郡羽後町
184	本荘	99	秋田県にかほ市、由利本荘市
185	男鹿	100	秋田県男鹿市、南秋田郡大潟村
185	能代	101	秋田県能代市、山本郡
186	鹿角	102	秋田県鹿角市、鹿角郡小坂町
186	大館	103	秋田県大館市
186	鷹巣	104	秋田県北秋田市、北秋田郡
187	大曲	105	秋田県大仙市（大神成、上鶯野、北長野、協和荒川、協和稲沢、協和上淀川、協和小種、協和境、協和下淀川、協和中淀川、協和船岡、協和船沢、協和峰吉川、栗沢、清水、下鶯野、豊岡、豊川、長戸呂、長野および鑓見内を除く。）、仙北郡美郷町（金沢および野荒町を除く。）
187	角館	106	秋田県仙北市、大仙市（大神成、上鶯野、北長野、栗沢、清水、下鶯野、豊岡、豊川、長戸呂、長野および鑓見内に限る。）
19	盛岡	116	岩手県滝沢市、盛岡市、岩手郡雫石町、紫波郡
191	一関	108	岩手県一関市、西磐井郡
192	大船渡	109	岩手県大船渡市、陸前高田市、気仙郡
193	宮古	110	岩手県宮古市、下閉伊郡山田町
193	釜石	111	岩手県釜石市、上閉伊郡
194	久慈	112	岩手県久慈市、九戸郡（野田村および洋野町に限る。）
194	岩泉	113	岩手県下閉伊郡（山田町を除く。）
195	岩手	114	岩手県八幡平市、岩手郡（岩手町および葛巻町に限る。）
195	二戸	115	岩手県二戸市、九戸郡（軽米町および九戸村に限る。）、二戸郡
197	水沢	117	岩手県奥州市、胆沢郡
197	北上	118	岩手県北上市、和賀郡
198	花巻	119	岩手県花巻市
198	遠野	120	岩手県遠野市
22	仙台	121	宮城県塩竈市、仙台市、多賀城市、名取市（堀内を除く。）、黒川郡、宮城郡
220	迫	122	宮城県登米市（石越町、津山町および豊里町を除く。）
223	岩沼	123	宮城県岩沼市、名取市堀内、亘理郡
224	大河原	124	宮城県角田市、伊具郡、柴田郡
224	白石	125	宮城県白石市、刈田郡
225	石巻	126	宮城県石巻市、登米市（津山町および豊里町に限る。）、東松島市、牡鹿郡
226	気仙沼	127	宮城県気仙沼市、本吉郡
228	築館	128	宮城県栗原市、登米市石越町
229	古川	129	宮城県大崎市、加美郡、遠田郡
23	山形	133	山形県上山市、天童市、山形市、東村山郡
233	新庄	130	山形県新庄市、最上郡
234	酒田	131	山形県酒田市、飽海郡、東田川郡庄内町
235	鶴岡	132	山形県鶴岡市、東田川郡三川町、新潟県村上市中浜字伊呉野
237	寒河江	134	山形県寒河江市、西村山郡
237	村山	135	山形県尾花沢市、東根市、村山市、北村山郡
238	米沢	136	山形県南陽市、米沢市、東置賜郡
238	長井	137	山形県長井市、西置賜郡
24	福島	146	福島県伊達市、福島市、伊達郡
24	郡山	152	福島県郡山市、田村郡三春町（上舞木、斎藤、下舞木および沼沢に限る。）
240	磐城富岡	138	福島県双葉郡
241	喜多方	139	福島県喜多方市（高郷町を除く。）、河沼郡湯川村、耶麻郡北塩原村
241	田島	140	福島県南会津郡（下郷町および南会津町（糸沢、金井沢、川島、栗生沢、高野、塩江、静川、関本、滝原、田島、田部、丹藤、藤生、中荒井、永田、長野、針生、福米沢および水無に限る。）に限る。）
241	会津山口	141	福島県南会津郡（只見町、檜枝岐村および南会津町（糸沢、金井沢、川島、栗生沢、高野、塩江、静川、関本、滝原、田島、田部、丹藤、藤生、中荒井、永田、長野、針生、福米沢および水無を除く。）に限る。）
241	柳津	142	福島県喜多方市高郷町、大沼郡（金山町、昭和村および三島町に限る。）、河沼郡柳津町、耶麻郡西会津町
242	会津若松	143	福島県会津若松市、大沼郡会津美里町、河沼郡会津坂下町、耶麻郡（猪苗代町および磐梯町に限る。）
243	二本松	144	福島県二本松市、本宮市、安達郡
244	原町	145	福島県相馬市、南相馬市、相馬郡
246	いわき	147	福島県いわき市
247	石川	148	福島県石川郡、東白川郡
247	三春	149	福島県田村市、田村郡（三春町（上舞木、斎藤、下舞木および沼沢に限る。）を除く。）
248	須賀川	150	福島県須賀川市、岩瀬郡
248	白河	151	福島県白河市、西白河郡
25	新潟	153	新潟県新潟市（秋葉区覚路津、北区、江南区、中央区、西蒲区（打越、姥島、潟浦新、上小吉、高野宮、河間、五之上、小吉、道上、中之口、長場、羽黒、針ヶ曽根、東小吉、東中、東船越、福島、真木、巻大原、牧ヶ島、三ツ門、門田および六部に限る。）、西区、東区および南区に限る。）、北蒲原郡聖籠町（位守町、亀塚、東港および別條に限る。）
25	上越	158	新潟県上越市（板倉区、浦川原区、大島区、中郷区および安塚区を除く。）
25	糸魚川	160	新潟県糸魚川市
25	安塚	161	新潟県上越市（浦川原区、大島区および安塚区に限る。）、十日町市（会沢、莇平、荒瀬、池尻、池之畑、犬伏、浦田、苧島、海老、片桐山、蒲生、儀明、桐山、木和田原、小荒戸、小池、小屋丸、清水、菅刈、仙納、太平、滝沢、田野倉、千年、寺田、峠、中子、名平、奈良立、福島、松代、松代下山、松代田沢、松代東山、松之山、松之山赤倉、松之山天水越、松之山天水島、松之山新山、松之山五十子平、松之山猪之名、松之山大荒戸、松之山上鰕池、松之山観音寺、松之山黒倉、松之山小谷、松之山坂下、松之山沢口、松之山下鰕池、松之山坪野、松之山藤内名、松之山中尾、松之山橋詰、松之山東川、松之山東山、松之山光間、松之山藤倉、松之山古戸、松之山松口、松之山三桶、松之山水梨、松之山湯本、松之山湯山、松山新田、室野、孟地および蓬平に限る。）
25	十日町	164	新潟県十日町市（会沢、莇平、荒瀬、池尻、池之畑、犬伏、浦田、苧島、海老、片桐山、蒲生、儀明、桐山、木和田原、小荒戸、小池、小屋丸、清水、菅刈、仙納、太平、滝沢、田野倉、千年、寺田、峠、中子、名平、奈良立、福島、松代、松代下山、松代田沢、松代東山、松之山、松之山赤倉、松之山天水越、松之山天水島、松之山新山、松之山五十子平、松之山猪之名、松之山大荒戸、松之山上鰕池、松之山観音寺、松之山黒倉、松之山小谷、松之山坂下、松之山沢口、松之山下鰕池、松之山坪野、松之山藤内名、松之山中尾、松之山橋詰、松之山東川、松之山東山、松之山光間、松之山藤倉、松之山古戸、松之山松口、松之山三桶、松之山水梨、松之山湯本、松之山湯山、松山新田、室野、孟地および蓬平を除く。）、中魚沼郡
25	六日町	166	新潟県南魚沼市、南魚沼郡
25	小出	167	新潟県魚沼市
250	新津	154	新潟県阿賀野市、五泉市、新潟市秋葉区（覚路津を除く。）
254	新発田	155	新潟県新発田市、胎内市、北蒲原郡聖籠町（位守町、亀塚、東港および別條を除く｡ ）
254	村上	156	新潟県村上市、岩船郡
254	津川	157	新潟県東蒲原郡
255	新井	159	新潟県上越市（板倉区および中郷区に限る。）、妙高市
256	巻	162	新潟県燕市（秋葉町、井土巻、大関、大船渡、大曲、上児木、勘新、蔵関、小池、小池新町、穀町、小関、小高、寿町、小中川、小古津新、小牧、幸町、桜町、佐渡、三王渕、下児木、新栄町、新生町、新町、水道町、杉名、杉柳、関崎、杣木、舘野、中央通、長所、長所乙、長所甲、次新、燕、道金、殿島、中川、仲町、長渡、二階堂、灰方、白山町、八王寺、花園町、花見、東太田、日之出町、物流センター、本町、又新、松橋、南、宮町、柳山、横田および四ツ屋を除く。）、新潟市西蒲区（打越、姥島、潟浦新、上小吉、高野宮、河間、五之上、小吉、道上、中之口、長場、羽黒、針ヶ曽根、東小吉、東中、東船越、福島、真木、巻大原、牧ケ島、三ツ門、門田および六部を除く。）、長岡市（赤沼、大沼新田、小沼新田、下沼新田、寺泊小豆曽根、寺泊有信、寺泊入軽井、寺泊岩方、寺泊木島、寺泊北曽根、寺泊五分一、寺泊下桐、寺泊下中条、寺泊新長、寺泊高内、寺泊竹森、寺泊田尻、寺泊敦ケ曽根、寺泊当新田、寺泊中曽根、寺泊硲田、寺泊万善寺、寺泊平野新村新田、寺泊蛇塚、寺泊町軽井、寺泊求草、寺泊矢田、寺泊鰐口、中条新田、中之島西野および真野代新田に限る。）、西蒲原郡
256	三条	163	新潟県加茂市、燕市（秋葉町、井土巻、大関、大船渡、大曲、上児木、勘新、蔵関、小池、小池新町、穀町、小関、小高、寿町、小中川、小古津新、小牧、幸町、桜町、佐渡、三王渕、下児木、新栄町、新生町、新町、水道町、杉名、杉柳、関崎、杣木、舘野、中央通、長所、長所乙、長所甲、次新、燕、道金、殿島、中川、仲町、長渡、二階堂、灰方、白山町、八王寺、花園町、花見、東太田、日之出町、物流センタ、本町、又新、松橋、南、宮町、柳山、横田および四ツ屋に限る。）、三条市、南蒲原郡
257	柏崎	165	新潟県柏崎市、刈羽郡
258	長岡	168	新潟県小千谷市、長岡市（赤沼、大沼新田、小沼新田、下沼新田、寺泊小豆曽根、寺泊有信、寺泊入軽井、寺泊岩方、寺泊木島、寺泊北曽根、寺泊五分一、寺泊下桐、寺泊下中条、寺泊新長、寺泊高内、寺泊竹森、寺泊田尻、寺泊敦ケ曽根、寺泊当新田、寺泊中曽根、寺泊硲田、寺泊万善寺、寺泊平野新村新田、寺泊蛇塚、寺泊町軽井、寺泊求草、寺泊矢田、寺泊鰐口、中条新田、中之島西野および真野代新田を除く。）、見附市、三島郡
259	佐渡	169-2	新潟県佐渡市
26	長野	173	長野県須坂市、千曲市、長野市、上高井郡、上水内郡
260	阿南町	171	長野県飯田市（上村、南信濃木沢、南信濃南和田、南信濃八重河内および南信濃和田に限る。）、下伊那郡（阿南町、売木村、下條村、天龍村および泰阜村に限る。）
261	大町	172	長野県大町市、北安曇郡
263	松本	174	長野県安曇野市、塩尻市（木曽平沢、奈良井、贄川および北小野を除く。）、松本市、東筑摩郡
264	木曾福島	175	長野県塩尻市（木曽平沢、奈良井および贄川に限る。）、木曽郡（南木曽町田立を除く。）
265	伊那	176	長野県伊那市、駒ヶ根市、上伊那郡（辰野町を除く。）
265	飯田	177	長野県飯田市（上村、南信濃木沢、南信濃南和田、南信濃八重河内および南信濃和田を除く。）、下伊那郡（阿南町、売木村、下條村、天龍村および泰阜村を除く。）
266	諏訪	178	長野県岡谷市、諏訪市、茅野市、上伊那郡辰野町、諏訪郡、塩尻市北小野、山梨県北杜市白州町大武川
267	小諸	179	長野県小諸市、北佐久郡（立科町を除く。）
267	佐久	180	長野県佐久市、北佐久郡立科町、南佐久郡
268	上田	181	長野県上田市、東御市、小県郡、埴科郡
269	中野	182	長野県中野市、下高井郡山ノ内町
269	飯山	183	長野県飯山市、下高井郡（木島平村および野沢温泉村に限る。）、下水内郡
27	前橋	185	群馬県前橋市
27	高崎	186	群馬県安中市、高崎市（新町を除く。）
270	伊勢崎	184	群馬県伊勢崎市、佐波郡
274	富岡	187	群馬県富岡市、甘楽郡
274	藤岡	188	群馬県高崎市新町、藤岡市、多野郡、埼玉県児玉郡神川町（上阿久原、下阿久原、矢納および渡瀬に限る。）
276	太田	189	群馬県太田市（市場町、大久保町、大原町、藪塚町、山之神町、寄合町および六千石町を除く。）、館林市、邑楽郡、埼玉県熊谷市妻沼小島
277	桐生	190	群馬県太田市（大久保町、大原町、藪塚町、山之神町、寄合町および六千石町に限る。）、桐生市、みどり市
278	沼田	191	群馬県沼田市、利根郡
279	渋川	192	群馬県渋川市、吾妻郡（高山村、中之条町（赤岩、入山、太子、小雨、生須および日影を除く。）および東吾妻町に限る。）、北群馬郡
279	長野原	193	群馬県吾妻郡（高山村、中之条町（赤岩、入山、太子、小雨、生須および日影を除く。）および東吾妻町を除く。）
28	宇都宮	200	栃木県宇都宮市、さくら市、塩谷郡高根沢町、芳賀郡芳賀町
280	古河	194	茨城県古河市、坂東市（生子、生子新田、逆井、菅谷および山に限る。）、猿島郡、埼玉県加須市（飯積、伊賀袋、小野袋、柏戸、駒場、栄、本郷、向古河、麦倉、柳生および陽光台に限る。）、栃木県小山市下生井、下都賀郡野木町
282	栃木	195	栃木県小山市（上生井および白鳥に限る。）、栃木市、下都賀郡壬生町
283	佐野	196	栃木県佐野市
284	足利	197	群馬県太田市市場町、栃木県足利市
285	真岡	198	栃木県真岡市、芳賀郡（芳賀町を除く。）
285	小山	199	栃木県小山市（上生井、中河原、中島、下生井、白鳥、福良および梁を除く。）、下野市、河内郡
287	黒磯	201	栃木県那須塩原市（東町、あたご町、井口、石林、一区町、宇都野、扇町、遅野沢、折戸、金沢、上赤田、上大貫、上塩原、上横林、北赤田、北二つ室、五軒町、笹沼、三区町、塩原、下大貫、下田野、下永田、新南、関根、関谷、千本松、高阿津、高柳、太夫塚、槻沢、中塩原、永田町、二区町、西赤田、西朝日町、西遅沢、西幸町、西栄町、西富山、西原町、西三島、西大和、接骨木、東赤田、東遅沢、東関根、東三島、蟇沼、二つ室、三島、緑、南赤田、南郷屋、南町、睦、湯本塩原、横林および四区町を除く。）、那須郡那須町
287	大田原	202	栃木県大田原市、那須塩原市（東町、あたご町、井口、石林、一区町、宇都野、扇町、遅野沢、折戸、金沢、上赤田、上大貫、上塩原、上横林、北赤田、北二つ室、五軒町、笹沼、三区町、塩原、下大貫、下田野、下永田、新南、関根、関谷、千本松、高阿津、高柳、太夫塚、槻沢、中塩原、永田町、二区町、西赤田、西朝日町、西遅沢、西幸町、西栄町、西富山、西原町、西三島、西大和、接骨木、東赤田、東遅沢、東関根、東三島、蟇沼、二つ室、三島、緑、南赤田、南郷屋、南町、睦、湯本塩原、横林および四区町に限る。）、矢板市、塩谷郡塩谷町
287	烏山	203	栃木県那須烏山市、那須郡那珂川町
288	今市	204	栃木県日光市
289	鹿沼	205	栃木県鹿沼市
29	水戸	207	茨城県那珂市、ひたちなか市、水戸市、那珂郡、東茨城郡（茨城町、大洗町および城里町（大網、小勝、上赤沢、真端、塩子、下赤沢および徳蔵を除く。）に限る。）
29	土浦	216	茨城県稲敷市（阿波崎、阿波崎新田、飯島、伊崎、伊佐津、伊佐部、市崎、戌渡、今、大島、太田、押砂、小野、釜井、上須田、上根本、上之島、結佐、神崎新宿、神崎本宿、幸田、石納、境島、佐原、佐原組新田、佐原下手、柴崎、清水、下太田、下須田、下須田新田、下根本、新橋、角崎、清久島、手賀組新田、寺内、中島、中山、西代、野間谷原、羽賀浦、橋向、八千石、東大沼、福田、堀川、曲渕、町田、狸穴、三島、光葉、南太田、本新、八筋川、余津谷、四ッ谷、六角および脇川を除く。）、牛久市、かすみがうら市（有河、安食、一の瀬、一の瀬上流、岩坪、牛渡、大和田、男神、柏崎、上大堤、上軽部、加茂、坂、宍倉、志戸崎、下大堤、下軽部、田伏、戸崎、中台、西成井、深谷、三ツ木および南根本に限る。）、つくば市、土浦市、稲敷郡（阿見町および美浦村に限る。）
291	鉾田	206	茨城県行方市（内宿、小貫、小幡、北高岡、中根、長野江、次木、成田、繁昌、南高岡、三和、山田、行戸、吉川および両宿に限る。）、鉾田市
293	高萩	208	茨城県北茨城市、高萩市
294	常陸太田	209	茨城県日立市、常陸太田市
295	常陸大宮	210-2	茨城県常陸大宮市
295	大子	211	茨城県久慈郡
296	笠間	212	茨城県笠間市（安居、泉、泉市野谷入会地、市野谷、押辺、上郷、下郷、土師、福島および吉岡を除く。）、桜川市（青木、阿部田、大国玉、大曽根、金敷、高久、高森、羽田、東飯田、真壁町および本木を除く。）、東茨城郡城里町（大網、小勝、上赤沢、真端、塩子、下赤沢および徳蔵に限る。）
296	下館	213	茨城県桜川市（青木、阿部田、大国玉、大曽根、金敷、高久、高森、羽田、東飯田、真壁町および本木に限る。）、下妻市、筑西市、結城市、結城郡、栃木県小山市（中河原、中島、福良および梁に限る。）
297	竜ケ崎	214	茨城県稲敷市（伊崎、伊佐津、戌渡、太田、小野、上根本、柴崎、下太田、下根本、角崎、寺内、中山、羽賀浦、堀川、狸穴および南太田に限る。）、取手市、龍ケ崎市、稲敷郡河内町、北相馬郡
297	水海道	215	茨城県常総市、つくばみらい市、坂東市（生子、生子新田、逆井、菅谷および山を除く。）、守谷市
299	石岡	217	茨城県石岡市、小美玉市、笠間市（安居、泉、泉市野谷入会地、市野谷、押辺、上郷、下郷、土師、福島および吉岡に限る。）、かすみがうら市（有河、安食、一の瀬、一の瀬上流、岩坪、牛渡、大和田、男神、柏崎、上大堤、上軽部、加茂、坂、宍倉、志戸崎、下大堤、下軽部、田伏、戸崎、中台、西成井、深谷、三ツ木および南根本を除く。）、行方市（荒宿、井上、井上藤井、沖洲、西蓮寺、芹沢、玉造乙、玉造甲、手賀、捻木、羽生、浜、藤井、八木蒔、谷島および若海に限る。）
299	潮来	218	茨城県潮来市、稲敷市（阿波崎、阿波崎新田、飯島、伊佐部、市崎、今、大島、押砂、釜井、上須田、上之島、結佐、神崎神宿、神崎本宿、幸田、石納、境島、佐原、佐原下手、佐原組新田、清水、下須田、下須田新田、新橋、清久島、手賀組新田、中島、西代、野間谷原、橋向、八千石、東大沼、福田、曲渕、町田、三島、光葉、本新、八筋川、余津谷、四ッ谷、六角および脇川に限る。）、鹿嶋市、神栖市（太田、太田新町、須田、砂山、土合北、土合中央、土合西、土合東、土合本町、土合南、波崎、波崎新港、矢田部、柳川、柳川中央および若松中央を除く。）、行方市（荒宿、井上、井上藤井、内宿、沖洲、小貫、小幡、北高岡、西蓮寺、芹沢、玉造乙、玉造甲、手賀、中根、長野江、次木、成田、捻木、羽生、浜、繁昌、藤井、南高岡、三和、八木蒔、谷島、山田、行戸、吉川、両宿および若海を除く。）
3	東京	219	東京都23区、狛江市（西和泉を除く。）、調布市（入間町、国領町八丁目、仙川町、西つつじヶ丘二丁目、東つつじヶ丘、緑ヶ丘および若葉町に限る。）、三鷹市中原一丁目
4	所沢	227	埼玉県入間市、狭山市、所沢市
4	鴨川	244	千葉県鴨川市
4	柏	245	千葉県我孫子市、柏市、流山市、野田市
42	国分寺	221	東京都稲城市、小金井市（梶野町一丁目から四丁目まで並びに東町二丁目および三丁目を除く。）、国分寺市（高木町、内藤、西町、光町、日吉町二丁目および三丁目、富士本並びに戸倉三丁目を除く。）、小平市（鈴木町二丁目、花小金井および花小金井南町を除く。）、多摩市、東村山市、府中市（押立町四丁目および五丁目、北山町、西原町二丁目から四丁目まで並びに西府町四丁目を除く。）
42	立川	223	東京都昭島市、あきる野市、国立市、国分寺市（高木町、内藤、西町、光町、日吉町二丁目および三丁目、富士本並びに戸倉三丁目に限る。）、立川市、羽村市、東大和市、日野市、府中市（北山町、西原町二丁目から四丁目までおよび西府町四丁目に限る。）、福生市、武蔵村山市、西多摩郡（奥多摩町を除く。）
42	八王子	224	東京都八王子市、神奈川県相模原市緑区（小原、小渕、佐野川、澤井、寸沢嵐、千木良、名倉、日連、牧野、吉野、与瀬、与瀬本町および若柳に限る。）
42	相模原	225	東京都町田市（三輪町および三輪緑山を除く。）、神奈川県相模原市（緑区（小原、小渕、佐野川、澤井、寸沢嵐、千木良、名倉、日連、牧野、吉野、与瀬、与瀬本町および若柳に限る。）および南区（磯部、新磯野一丁目および三丁目から五丁目まで、新戸、相武台並びに相武台団地に限る。）を除く。）、座間市（相模が丘一丁目および五丁目に限る。）
42	飯能	228	埼玉県飯能市、日高市
42	武蔵野三鷹	222	東京都清瀬市、小平市（鈴木町二丁目、花小金井および花小金井南町に限る。）、狛江市西和泉、調布市（入間町、国領町八丁目、深大寺東町七丁目、仙川町、西つつじヶ丘二丁目、東つつじヶ丘、緑ヶ丘、若葉町および野水を除く。）、西東京市（新町を除く。）、東久留米市、府中市（押立町四丁目および五丁目に限る。）、埼玉県新座市（石神一丁目および三丁目から五丁目まで、栗原、新堀、西堀並びに野寺一丁目および五丁目に限る。）
422	武蔵野三鷹	220	東京都小金井市（梶野町一丁目から四丁目まで並びに東町二丁目および三丁目に限る。）、調布市（深大寺東町七丁目および野水に限る。）、西東京市新町、三鷹市（中原一丁目を除く。）、武蔵野市
428	青梅	226	東京都青梅市、西多摩郡奥多摩町、山梨県北都留郡
43	千葉	229	千葉県佐倉市、千葉市（花見川区（柏井、柏井町および横戸町に限る。）を除く。）、八街市、四街道市、印旛郡酒々井町
436	市原	230	千葉県市原市
438	木更津	231	千葉県木更津市、袖ヶ浦市
439	木更津	232	千葉県君津市、富津市
44	川崎	233	神奈川県川崎市、東京都町田市（三輪町および三輪緑山に限る。）
45	横浜	234	神奈川県横浜市
46	厚木	236-2	神奈川県厚木市、海老名市、相模原市南区（磯部、新磯野一丁目および三丁目から五丁目まで、新戸、相武台並びに相武台団地に限る。）、座間市（相模が丘一丁目および五丁目を除く。）、大和市、愛甲郡
46	横須賀	241	神奈川県逗子市（小坪の大部分を除く。）、三浦市、横須賀市、三浦郡
460	小田原	235	神奈川県足柄下郡箱根町、静岡県裾野市茶畑
465	小田原	238	神奈川県小田原市、南足柄市、足柄上郡、足柄下郡（真鶴町および湯河原町に限る。）、静岡県熱海市（泉元宮上分、泉元宮下分および泉元門川分に限る。）
463	平塚	237	神奈川県伊勢原市、秦野市、平塚市、中郡
466	藤沢	239	神奈川県藤沢市
467	藤沢	240	神奈川県綾瀬市、鎌倉市、逗子市小坪（一部を除く。）、茅ヶ崎市、高座郡
47	市川	246	千葉県市川市、浦安市、鎌ヶ谷市（くぬぎ山一丁目から四丁目までに限る。）、船橋市（上山町一丁目、古作町、古作、西船五丁目から七丁目まで、東中山、藤原一丁目および二丁目、二子町、本郷町並びに本中山に限る。）、松戸市
47	船橋	247	千葉県鎌ヶ谷市（くぬぎ山一丁目から四丁目までを除く。）、千葉市花見川区（柏井、柏井町および横戸町に限る。）、習志野市、船橋市（上山町一丁目、古作町、古作、西船五丁目から七丁目まで、東中山、藤原一丁目および二丁目、二子町、本郷町並びに本中山を除く。）、八千代市、白井市
470	館山	242	千葉県館山市、南房総市、安房郡
470	大原	243	千葉県いすみ市、勝浦市、夷隅郡
475	東金	248	千葉県大網白里市、東金市、山武市（松尾町を除く。）、山武郡九十九里町
475	茂原	249	千葉県茂原市、長生郡
476	成田	250	千葉県印西市、富里市、成田市、印旛郡（酒々井町を除く。）
478	佐原	251	千葉県香取市、香取郡（神崎町および東庄町に限る。）
479	銚子	252	茨城県神栖市（太田、太田新町、須田、砂山、土合北、土合中央、土合西、土合東、土合本町、土合南、波崎、波崎新港、矢田部、柳川、柳川中央および若松中央に限る。）、千葉県銚子市
479	八日市場	253	千葉県旭市、山武市松尾町、匝瑳市、香取郡多古町、山武郡（九十九里町を除く。）
48	浦和	254	埼玉県上尾市、桶川市、春日部市、さいたま市、蓮田市、北足立郡
48	川口	255	埼玉県朝霞市、川口市、志木市、戸田市、新座市（石神一丁目および三丁目から五丁目まで、栗原、新堀、西堀並びに野寺一丁目および五丁目を除く。）、富士見市（水谷東二丁目および三丁目に限る。）、和光市、蕨市
48	熊谷	257-2	埼玉県北本市、行田市、熊谷市（相上、冑山、吉所敷、小八林、高本、玉作、津田、津田新田、沼黒、船木台、箕輪、向谷および妻沼小島を除く。）、鴻巣市、羽生市、深谷市、大里郡
48	草加	258	埼玉県越谷市、草加市、三郷市、八潮市、吉川市､北葛飾郡（杉戸町を除く。）
480	久喜	256	埼玉県加須市（飯積、伊賀袋、小野袋、柏戸、駒場、栄、本郷、向古河、麦倉、柳生および陽光台を除く。）、久喜市、幸手市、白岡市、北葛飾郡杉戸町、南埼玉郡
49	川越	259	埼玉県川越市、坂戸市、鶴ヶ島市、富士見市（水谷東二丁目および三丁目を除く。）、ふじみ野市、入間郡、比企郡（川島町および鳩山町に限る。）
493	東松山	260	埼玉県熊谷市（相上、冑山、吉所敷、小八林、高本、玉作、津田、津田新田、沼黒、船木台、箕輪および向谷に限る。）、東松山市、秩父郡東秩父村、比企郡（小川町、ときがわ町、滑川町、吉見町および嵐山町に限る。）
494	秩父	261	埼玉県秩父市、秩父郡（東秩父村を除く。）
495	本庄	262	埼玉県本庄市、児玉郡（神川町（上阿久原、下阿久原、矢納および渡瀬を除く。）、上里町および美里町に限る。）
4992	伊豆大島	263	東京都大島町、神津島村、利島村、新島村
4994	三宅	264	東京都御蔵島村、三宅村
4996	八丈島	265	東京都青ヶ島村、八丈町
4998	小笠原	266	東京都小笠原村
52	名古屋	267	愛知県あま市、尾張旭市（霞ヶ丘町、庄南町、東名西町、西山町、東山町および吉岡町に限る。）、清須市、東海市（大田町、加木屋町、高横須賀町、元浜町、養父町、横須賀町、中ノ池および中央町を除く。）、名古屋市、日進市（赤池町、赤池、浅田町、梅森町および香久山に限る。）、海部郡大治町、愛知郡東郷町（春木の一部に限る。）
53	浜松	268	静岡県湖西市、浜松市
531	田原	269-2	愛知県田原市
532	豊橋	272	愛知県豊橋市
533	豊橋	273	愛知県蒲郡市、豊川市
536	新城	274-2	愛知県新城市
536	設楽	276-2	愛知県北設楽郡
537	掛川	280	静岡県御前崎市（御前崎、白羽および港を除く。）、掛川市、菊川市（牛渕、倉沢、小沢および沢水加を除く。）
538	磐田	281	静岡県磐田市（家田、壱貫地、岩室、大平、大当所、掛下、上神増、上野部、神増、合代島、敷地、下神増、下野部、新開、惣兵衛下新田、平松、松之木島、万瀬、三家、虫生および社山を除く。）、袋井市、周智郡
539	天竜	282	静岡県磐田市（家田、壱貫地、岩室、大平、大当所、掛下、上神増、上野部、神増、合代島、敷地、下神増、下野部、新開、惣兵衛下新田、平松、松之木島、万瀬、三家、虫生および社山に限る。）
54	静岡	283-2	静岡県静岡市、藤枝市、焼津市
544	富士宮	285	静岡県富士宮市
545	富士	286	静岡県富士市
547	島田	287	静岡県島田市、榛原郡川根本町
548	榛原	288	静岡県御前崎市（御前崎、白羽および港に限る。）、菊川市（牛渕、倉沢、小沢および沢水加に限る。）、牧之原市、榛原郡吉田町
55	甲府	291	山梨県甲斐市（岩森、宇津谷、大垈、志田、下今井、菖蒲澤、團子新居および龍地を除く。）、甲府市（梯町および古関町を除く。）、中央市、笛吹市（一宮町および春日居町を除く。）、南アルプス市、中巨摩郡、西八代郡市川三郷町（岩下、岩間、落居、鴨狩津向、楠甫、五八、葛籠沢、寺所および宮原を除く。）
55	沼津	300	静岡県伊豆の国市（浮橋、大仁、神島、下畑、白山堂、宗光寺、星和、田京、立花、田中山、田原野、長者原、中島、御門、三福、守木および吉田を除く。）、裾野市（茶畑の一部を除く。）、沼津市（井田および戸田を除く。）、三島市、駿東郡（清水町および長泉町に限る。）、田方郡
550	御殿場	289	静岡県御殿場市、駿東郡小山町
551	韮崎	290	山梨県甲斐市（岩森、宇津谷、大垈、志田、下今井、菖蒲澤、團子新居および龍地に限る。）、韮崎市、北杜市（白州町大武川を除く。）
553	山梨	292	山梨県甲州市、笛吹市（一宮町および春日居町に限る。）、山梨市
554	大月	293	山梨県上野原市、大月市、都留市、南都留郡道志村
555	吉田	294	山梨県甲府市（梯町および古関町に限る。）、富士吉田市、南都留郡（忍野村、鳴沢村、西桂町、富士河口湖町および山中湖村に限る｡ ）
556	鰍沢青柳	295	山梨県西八代郡市川三郷町（岩下、岩間、落居、鴨狩津向、楠甫、五八、葛籠沢、寺所および宮原に限る。）、南巨摩郡（早川町、富士川町および身延町（相又、粟倉、梅平、大崩、大島、大城、大垈、大野、小田船原、帯金、門野、上八木沢、下八木沢、下山、清子、角打、椿草里、波木井、樋之上、丸滝、光子沢、身延、横根中および和田を除く。）に限る。）
556	身延	296	山梨県南巨摩郡（南部町および身延町（相又、粟倉、梅平、大崩、大島、大城、大垈、大野、小田船原、帯金、門野、上八木沢、下八木沢、下山、清子、角打、椿草里、波木井、樋之上、丸滝、光子沢、身延、横根中および和田に限る。）に限る。）
557	伊東	297	静岡県熱海市（泉元宮上分、泉元宮下分および泉元門川分を除く。）、伊豆市冷川、伊東市、賀茂郡東伊豆町
558	修善寺大仁	298	静岡県伊豆市（冷川を除く。）、伊豆の国市（浮橋、大仁、神島、下畑、白山堂、宗光寺、星和、田京、立花、田中山、田原野、長者原、中島、御門、三福、守木および吉田に限る。）、沼津市（井田および戸田に限る。）
558	下田	299	静岡県下田市、賀茂郡（河津町、西伊豆町、松崎町および南伊豆町に限る。）
561	瀬戸	301-3	愛知県尾張旭市（霞ヶ丘町、庄南町、東名西町、西山町、東山町および吉岡町を除く。）、瀬戸市（鹿乗町を除く。）、長久手市、日進市（赤池町、赤池、浅田町、梅森町および香久山を除く。）、みよし市、愛知郡東郷町（春木の一部を除く。）
562	尾張横須賀	304	愛知県大府市、知多市（神田、新広見、旭南、金沢、新舞子および南粕谷を除く。）、東海市（大田町、加木屋町、高横須賀町、元浜町、養父町、横須賀町、中ノ池および中央町に限る。）、豊明市、知多郡東浦町
563	西尾	305	愛知県西尾市
564	岡崎	306	愛知県岡崎市、額田郡
565	豊田	307	愛知県豊田市
566	刈谷	308	愛知県安城市、刈谷市、高浜市、知立市、碧南市
567	津島	309-2	愛知県愛西市、稲沢市平和町、津島市、弥富市、海部郡（大治町を除く。）、三重県桑名郡
568	春日井	312	愛知県犬山市、春日井市、北名古屋市、小牧市、瀬戸市（鹿乗町に限る。）、西春日井郡
569	半田	313	愛知県知多市（神田、新広見、旭南、金沢、新舞子および南粕谷に限る。）、常滑市、半田市、知多郡（阿久比町、武豊町、南知多町および美浜町に限る。）
572	多治見	314	岐阜県恵那市明智町吉良見、多治見市、土岐市、瑞浪市
573	恵那	315	岐阜県恵那市（明智町吉良見を除く。）、中津川市蛭川
573	中津川	316	岐阜県中津川市（蛭川を除く。）、長野県木曽郡南木曽町田立
574	美濃加茂	317	岐阜県可児市、美濃加茂市、可児郡、加茂郡（川辺町、坂祝町、七宗町、富加町および八百津町に限る。）
574	美濃白川	318	岐阜県加茂郡（白川町および東白川村に限る。）
575	関	319	岐阜県関市（板取、洞戸阿部、洞戸市場、洞戸大野、洞戸小瀬見、洞戸尾倉、洞戸片、洞戸栗原、洞戸黒谷、洞戸高賀、洞戸高見、洞戸小坂、洞戸菅谷、洞戸通元寺および洞戸飛瀬を除く。）、美濃市
575	郡上八幡	320	岐阜県郡上市
576	下呂	321	岐阜県下呂市
5769	荘川	322	岐阜県高山市荘川町、大野郡
577	高山	323	岐阜県高山市（奥飛騨温泉郷、上宝町および荘川町を除く。）、飛騨市（神岡町を除く。）
578	神岡	324	岐阜県高山市（奥飛騨温泉郷および上宝町に限る。）、飛騨市神岡町
58	岐阜	325-2	岐阜県各務原市（川島笠田町、川島北山町、川島小網町、川島河田町、川島竹早町、川島松倉町、川島松原町、川島緑町および川島渡町を除く。）、岐阜市、羽島市、本巣市（浅木、海老、上真桑、軽海、小柿、国領、下福島、下真桑、十四条、宗慶、温井、政田、有里、石神、石原、数屋、上高屋、上保、北野、郡府、七五三、随原、長屋、早野、春近、仏生寺、三橋、見延および屋井に限る｡ ）、本巣郡、羽島郡、瑞穂市（呂久を除く｡ ）
581	高富	326-3	岐阜県関市（板取、洞戸阿部、洞戸市場、洞戸大野、洞戸小瀬見、洞戸尾倉、洞戸片、洞戸栗原、洞戸黒谷、洞戸高賀、洞戸高見、洞戸小坂、洞戸菅谷、洞戸通元寺および洞戸飛瀬に限る。）、山県市、揖斐郡揖斐川町徳山、本巣市（浅木、海老、上真桑、軽海、小柿、国領、下福島、下真桑、十四条、宗慶、温井、政田、有里、石神、石原、数屋、上高屋、上保、北野、郡府、七五三、随原、長屋、早野、春近、仏生寺、三橋、見延および屋井を除く｡）
584	大垣	332	岐阜県大垣市、海津市、瑞穂市呂久、安八郡、揖斐郡池田町市橋、不破郡、養老郡
585	揖斐川	333	岐阜県揖斐郡（池田町市橋および揖斐川町徳山を除く。）
586	一宮	334-2	愛知県一宮市、稲沢市（西島町、生出上山町、生出河戸町、生出郷前町、生出西道根町、生出東道根町、生出横西町および横野町に限る。）、岐阜県各務原市（川島笠田町、川島北山町、川島小網町、川島河田町、川島竹早町、川島松倉町、川島松原町、川島緑町および川島渡町に限る。）
587	一宮	336	愛知県稲沢市（西島町、生出上山町、生出河戸町、生出郷前町、生出西道根町、生出東道根町、生出横西町、平和町および横野町を除く。）、岩倉市、江南市、丹羽郡
59	津	337	三重県津市
59	四日市	338	三重県鈴鹿市、四日市市、三重郡
594	桑名	339	三重県いなべ市、桑名市、員弁郡
595	上野	340	三重県伊賀市、名張市
595	亀山	341-2	三重県亀山市
596	伊勢	343	三重県伊勢市、多気郡明和町、度会郡（玉城町、南伊勢町（阿曽浦、大江、大方竈 、小方竈、神前浦、河内、古和浦、新桑竈、慥柄浦、棚橋竈、東宮、栃木竈、奈屋浦、贄浦、方座浦、道方、道行竈および村山に限る。）および度会町に限る。）
597	尾鷲	344-3	三重県尾鷲市、北牟婁郡紀北町
597	熊野	347	三重県熊野市
5979	熊野	348	三重県南牟婁郡御浜町
598	松阪	349-2	三重県松阪市、多気郡多気町
598	三瀬谷	355-2	三重県多気郡大台町、度会郡大紀町
599	鳥羽	357	三重県鳥羽市
599	阿児	358-2	三重県志摩市、度会郡南伊勢町（阿曽浦、大江、大方竈 、小方竈、神前浦、河内、古和浦、新桑竈、慥柄浦、棚橋竈、東宮、栃木竈、奈屋浦、贄浦、方座浦、道方、道行竈および村山を除く。）
6	大阪	363	大阪府池田市空港、大阪市（東住吉区矢田七丁目および平野区長吉川辺四丁目を除く。）、門真市（石原町、泉町、一番町、大倉町、垣内町、桑才新町、幸福町、寿町、栄町、小路町、新橋町、末広町、月出町、堂山町、殿島町、中町、浜町、速見町、東田町、深田町、古川町、本町、松生町、松葉町、御堂町、向島町、元町、柳田町および柳町に限る。）、吹田市、摂津市（北別府町、新在家、正雀、正雀本町、庄屋、千里丘、千里丘新町、千里丘東四丁目および五丁目、西一津屋、浜町、東正雀、東一津屋、東別府、一津屋、別府、三島、南千里丘並びに南別府町に限る。）、豊中市、東大阪市（旭町、池島町、池之端町、出雲井町、出雲井本町、稲葉、今米、岩田町（三丁目を除く。）、瓜生堂一丁目、加納、上石切町、上四条町、上六万寺町、川中、川田、河内町、神田町、喜里川町、北石切町、北鴻池町、客坊町、日下町、五条町、鴻池町、鴻池徳庵町、鴻池本町、鴻池元町、古箕輪、桜町、四条町、島之内、下六万寺町、昭和町、新池島町、新鴻池町、新町、新庄、末広町、角田、善根寺町、鷹殿町、宝町、立花町、玉串町西、玉串町東、玉串元町、豊浦町、鳥居町、中石切町、中新開、中野、中鴻池町、南荘町、西石切町、西岩田一丁目、西鴻池町、額田町、布市町、箱殿町、花園西町、花園東町、花園本町、東石切町、東鴻池町、東豊浦町、東山町、菱江、菱屋東、瓢箪山町、本庄中一丁目、本町、松原、松原南、水走、南鴻池町、南四条町、箕輪、御幸町、元町、山手町、弥生町、横小路町、横枕、横枕西、横枕南、吉田、吉田本町、吉田下島、吉原、六万寺町および若草町を除く。）、守口市、八尾市（竹渕、竹渕西および竹渕東に限る。）、兵庫県尼崎市
72	寝屋川	364	大阪府交野市、門真市（石原町、泉町、一番町、大倉町、垣内町、桑才新町、幸福町、寿町、栄町、小路町、新橋町、末広町、月出町、堂山町、殿島町、中町、浜町、速見町、東田町、深田町、古川町、本町、松生町、松葉町、御堂町、向島町、元町、柳田町および柳町を除く。）、四條畷市（上田原、さつきヶ丘、下田原、田原台および緑風台を除く。）、大東市、寝屋川市、東大阪市（加納五丁目から八丁目までに限る。）、枚方市
72	堺	366-2	大阪府大阪市（東住吉区矢田七丁目および平野区長吉川辺四丁目に限る。）、大阪狭山市、堺市、高石市、富田林市（青葉丘、加太、廿山、五軒家および新青葉丘町に限る。）、松原市
72	岸和田貝塚	368	大阪府泉佐野市、貝塚市、岸和田市、泉南市、阪南市、泉南郡、泉北郡忠岡町新浜
72	茨木	370	大阪府茨木市、摂津市（北別府町、新在家、正雀、正雀本町、庄屋、千里丘、千里丘新町、千里丘東四丁目および五丁目、西一津屋、浜町、東正雀、東一津屋、東別府、一津屋、別府、三島、南千里丘並びに南別府町を除く。）、高槻市
72	池田	371	大阪府池田市（空港を除く。）、箕面市、豊能郡、兵庫県伊丹市、川西市、宝塚市（長尾台、花屋敷荘園、花屋敷つつじガ丘、花屋敷松ガ丘、雲雀丘、雲雀丘山手およびふじガ丘に限る。）、川辺郡
72	八尾	372	大阪府柏原市、羽曳野市、東大阪市（旭町、池島町、池之端町、出雲井町、出雲井本町、稲葉、今米、岩田町（三丁目を除く。）、瓜生堂一丁目、加納（一丁目から四丁目までに限る。）、上石切町、上四条町、上六万寺町、川中、川田、河内町、神田町、喜里川町、北石切町、北鴻池町、客坊町、日下町、五条町、鴻池町、鴻池徳庵町、鴻池本町、鴻池元町、古箕輪、桜町、四条町、島之内、下六万寺町、昭和町、新池島町、新鴻池町、新町、新庄、末広町、角田、善根寺町、鷹殿町、宝町、立花町、玉串町西、玉串町東、玉串元町、豊浦町、鳥居町、中石切町、中新開、中野、中鴻池町、南荘町、西石切町、西岩田一丁目、西鴻池町、額田町、布市町、箱殿町、花園西町、花園東町、花園本町、東石切町、東鴻池町、東豊浦町、東山町、菱江、菱屋東、瓢箪山町、本庄中一丁目、本町、松原、松原南、水走、南鴻池町、南四条町、箕輪、御幸町、元町、山手町、弥生町、横小路町、横枕、横枕西、横枕南、吉田、吉田本町、吉田下島、吉原、六万寺町および若草町に限る。）、藤井寺市、八尾市（竹渕、竹渕西および竹渕東を除く。）
721	富田林	365	大阪府河内長野市、富田林市（青葉丘、加太、廿山、五軒家および新青葉丘町を除く。）、南河内郡
725	和泉	369	大阪府和泉市、泉大津市、泉北郡（忠岡町新浜を除く。）
73	和歌山	373-2	和歌山県海南市、和歌山市、海草郡
735	新宮	374	三重県南牟婁郡紀宝町、和歌山県新宮市、田辺市本宮町、東牟婁郡（北山村、太地町および那智勝浦町に限る。）
735	串本	375	和歌山県東牟婁郡（串本町および古座川町に限る。）
736	岩出	376	和歌山県岩出市、紀の川市
736	和歌山橋本	377	和歌山県橋本市、伊都郡（かつらぎ町（花園新子、花園池ノ窪、花園北寺、花園久木、花園中南および花園梁瀬に限る。）を除く。）
737	湯浅	378	和歌山県有田市、有田郡、伊都郡かつらぎ町（花園新子、花園池ノ窪、花園北寺、花園久木、花園中南および花園梁瀬に限る。）
738	御坊	379	和歌山県御坊市、日高郡（印南町、日高町、日高川町、美浜町および由良町に限る。）
739	田辺	380	和歌山県田辺市（本宮町を除く。）、西牟婁郡、日高郡みなべ町
740	今津	381	滋賀県高島市
742	奈良	382	奈良県奈良市（藺生町、荻町、小倉町、上深川町、下深川町、月ヶ瀬石打、月ヶ瀬尾山、月ヶ瀬嵩、月ヶ瀬月瀬、月ヶ瀬長引、月ヶ瀬桃香野、都祁小山戸町、都祁甲岡町、都祁こぶしが丘、都祁白石町、都祁相河町、都祁友田町、都祁吐山町、都祁馬場町、都祁南之庄町、針ヶ別所町、針町および来迎寺町を除く。）
743	奈良	383-2	大阪府四條畷市（上田原、さつきヶ丘、下田原、田原台および緑風台に限る。）、京都府相楽郡（笠置町および南山城村に限る。）、奈良県生駒市、宇陀市（室生小原、室生染田、室生多田および室生無山に限る。）、天理市、奈良市（藺生町、荻町、小倉町、上深川町、下深川町、月ヶ瀬石打、月ヶ瀬尾山、月ヶ瀬嵩、月ヶ瀬月瀬、月ヶ瀬長引、月ヶ瀬桃香野、都祁小山戸町、都祁甲岡町、都祁こぶしが丘、都祁白石町、都祁相河町、都祁友田町、都祁吐山町、都祁馬場町、都祁南之庄町、針ヶ別所町、針町および来迎寺町に限る。）、大和郡山市、生駒郡安堵町、磯城郡川西町下永、山辺郡
744	大和高田	385-2	奈良県橿原市、桜井市、磯城郡田原本町、高市郡（明日香村および高取町（越智、車木、寺崎および丹生谷を除く。）に限る。）
745	大和高田	387	奈良県香芝市、葛城市、御所市、大和高田市、生駒郡（斑鳩町、三郷町および平群町に限る。）、北葛城郡、磯城郡（川西町（下永を除く。）および三宅町に限る。）、高市郡高取町（越智、車木、寺崎および丹生谷に限る。）、吉野郡大淀町（今木、大岩および鉾立に限る。）
745	大和榛原	388	奈良県宇陀市（室生小原、室生染田、室生多田および室生無山を除く。）、宇陀郡
746	吉野	389-2	奈良県吉野郡（大淀町（北野、北六田、中増、西増、新野、馬佐、比曽および増口に限る。）、川上村、東吉野村および吉野町に限る。）
746	十津川	392	奈良県吉野郡十津川村
7468	上北山	393	奈良県吉野郡（上北山村および下北山村に限る。）
747	五条	394-2	奈良県五條市、吉野郡野迫川村
747	下市	396	奈良県吉野郡（大淀町（今木、大岩、北野、北六田、中増、西増、新野、馬佐、比曽、鉾立および増口を除く。）、黒滝村、下市町および天川村に限る。）
748	八日市	397	滋賀県近江八幡市、東近江市（愛東外町、青山町、池庄町、池之尻町、市ヶ原町、今在家町、妹町、上中野町、梅林町、大沢町、大清水町、大萩町、大林町、小倉町、長町、上岸本町、上山町、祇園町、北坂町、北清水町、北花沢町、北菩提寺町、小池町、小田苅町、小八木町、下一色町、下岸本町、下里町、下中野町、清水中町、勝堂町、僧坊町、曽根町、園町、大覚寺町、中一色町、中岸本町、中里町、中戸町、鯰江町、西菩提寺町、百済寺甲町、百済寺町、百済寺本町、平尾町、平松町、平柳町、南清水町、南花沢町、南菩提寺町、湯屋町、横溝町および読合堂町を除く。）、蒲生郡
748	水口	398	滋賀県甲賀市、湖南市
749	彦根	399	滋賀県東近江市（愛東外町、青山町、池庄町、池之尻町、市ヶ原町、今在家町、妹町、上中野町、梅林町、大沢町、大清水町、大萩町、大林町、小倉町、長町、上岸本町、上山町、祇園町、北坂町、北清水町、北花沢町、北菩提寺町、小池町、小田苅町、小八木町、下一色町、下岸本町、下里町、下中野町、清水中町、勝堂町、僧坊町、曽根町、園町、大覚寺町、中一色町、中岸本町、中里町、中戸町、鯰江町、西菩提寺町、百済寺甲町、百済寺町、百済寺本町、平尾町、平松町、平柳町、南清水町、南花沢町、南菩提寺町、湯屋町、横溝町および読合堂町に限る。）、彦根市、犬上郡、愛知郡
749	長浜	400	滋賀県長浜市、米原市
75	京都	401	大阪府三島郡、京都府京都市（右京区京北室谷町および伏見区醍醐（一ノ切町、二ノ切町および三ノ切町に限る。）を除く。）、長岡京市、向日市、八幡市、乙訓郡、久世郡久御山町（市田、栄、佐古、佐山、下津屋、田井および林を除く。）
76	金沢	405-2	石川県金沢市、かほく市、野々市市、白山市、河北郡、能美郡
76	富山	407-2	富山県富山市、滑川市、中新川郡
761	小松	402	石川県小松市、能美市
761	加賀	403-2	石川県加賀市
763	福野	406	富山県砺波市、南砺市
765	魚津	408	富山県魚津市、黒部市、下新川郡
766	高岡	409	富山県射水市、小矢部市、高岡市、氷見市
767	七尾	410	石川県七尾市、鹿島郡
767	羽咋	411	石川県羽咋市、羽咋郡
768	輪島	412	石川県輪島市、鳳珠郡穴水町
768	能都	413	石川県珠洲市、鳳珠郡能登町
77	大津	423	京都府京都市伏見区醍醐（一ノ切町、二ノ切町および三ノ切町に限る。）、滋賀県大津市、草津市、守山市、野洲市、栗東市
770	敦賀	414	福井県敦賀市、三方郡、三方上中郡若狭町（相田、生倉、井崎、岩屋、上野、海山、上瀬、小川、北前川、気山、倉見、佐古、島の内、塩坂越、成願寺、白屋、世久見、田井、田上、館川、田名、中央、常神、鳥浜、成出、能登野、東黒田、藤井、三方、神子、南前川、向笠、遊子および横渡に限る。）
770	小浜	415	福井県小浜市、大飯郡、三方上中郡若狭町（相田、生倉、井崎、岩屋、上野、海山、上瀬、小川、北前川、気山、倉見、佐古、島の内、塩坂越、成願寺、白屋、世久見、田井、田上、館川、田名、中央、常神、鳥浜、成出、能登野、東黒田、藤井、三方、神子、南前川、向笠、遊子および横渡を除く。）
771	亀岡	416	京都府亀岡市、南丹市八木町
771	園部	417	京都府京都市右京区京北室谷町、南丹市（八木町を除く。）、船井郡
772	宮津	418	京都府宮津市、与謝郡
772	峰山	419	京都府京丹後市
773	福知山	420	京都府綾部市、福知山市
773	舞鶴	421	京都府舞鶴市
774	宇治	422	京都府宇治市、木津川市、京田辺市、城陽市、久世郡久御山町（市田、栄、佐古、佐山、下津屋、田井および林に限る。）、相楽郡（精華町および和束町に限る。）、綴喜郡
776	福井	424-2	福井県あわら市、坂井市、福井市、吉田郡
778	武生	425	福井県越前市、鯖江市、今立郡、南条郡、丹生郡
779	大野	426	福井県大野市、勝山市
78	神戸	428	兵庫県明石市、加古川市平岡町土山、神戸市（北区生野高原住宅を除く）、西宮市（北六甲台、すみれ台および山口町に限る。）、加古郡播磨町（上野添、北野添、古宮、西野添、野添、野添城、東野添、東新島および二子に限る。）
79	姫路	435-2	兵庫県高砂市（北浜町北脇および北浜町西浜に限る。）、たつの市御津町、姫路市（安富町を除く。）、揖保郡
79	加古川	438	兵庫県加古川市（平岡町土山を除く。）、高砂市（北浜町北脇および北浜町西浜を除く。）、加古郡（播磨町（上野添、北野添、古宮、西野添、野添、野添城、東野添、東新島および二子に限る。）を除く。）
79	三田	441	兵庫県三田市、篠山市
79	八鹿	445	兵庫県朝来市、養父市
790	播磨山崎	429	兵庫県宍粟市、姫路市安富町、佐用郡
790	福崎	430	兵庫県加西市、神崎郡
791	竜野	431	兵庫県たつの市（新宮町角亀および御津町を除く。）
791	相生	432-2	兵庫県相生市、赤穂市、たつの市新宮町角亀、赤穂郡
794	三木	439	兵庫県小野市、三木市
795	西脇	440	兵庫県加東市、西脇市、多可郡
795	丹波柏原	442	兵庫県丹波市
796	豊岡	443	兵庫県豊岡市、美方郡香美町香住区
796	浜坂	444	兵庫県美方郡（香美町香住区を除く。）
797	西宮	446	兵庫県芦屋市、宝塚市（鹿塩、駒の町、新明和町、長尾台、仁川旭ガ丘、仁川うぐいす台、仁川北、仁川台、仁川高台、仁川高丸、仁川団地、仁川月見ガ丘、仁川宮西町、花屋敷荘園、花屋敷つつじガ丘、花屋敷松ガ丘、雲雀丘、雲雀丘山手およびふじガ丘を除く。）、西宮市（清瀬台、塩瀬町名塩、塩瀬町生瀬、名塩ガーデン、名塩山荘、名塩新町、名塩茶園町、名塩南台、生瀬高台、生瀬町、生瀬町東町、花の峯、東山台、宝生ヶ丘および青葉台に限る。）、神戸市（北区生野高原住宅に限る。）
798	西宮	447	兵庫県宝塚市（鹿塩、駒の町、新明和町、仁川旭ガ丘、仁川うぐいす台、仁川北、仁川台、仁川高台、仁川高丸、仁川団地、仁川月見ガ丘および仁川宮西町に限る。）、西宮市（北六甲台、すみれ台、山口町、清瀬台、塩瀬町名塩、塩瀬町生瀬、名塩ガーデン、名塩山荘、名塩新町、名塩茶園町、名塩南台、生瀬高台、生瀬町、生瀬町東町、花の峯、東山台、宝生ヶ丘および青葉台を除く。）
799	洲本	448	兵庫県洲本市、南あわじ市
799	津名	449	兵庫県淡路市
82	広島	450	広島県広島市（佐伯区（杉並台および湯来町に限る。）を除く。）、安芸郡
82	東広島	455	広島県東広島市（安芸津町、黒瀬学園台、黒瀬春日野、黒瀬切田が丘、黒瀬桜が丘、黒瀬町市飯田、黒瀬町大多田、黒瀬町小多田、黒瀬町兼沢、黒瀬町兼広、黒瀬町上保田、黒瀬町川角、黒瀬町切田、黒瀬町国近、黒瀬町菅田、黒瀬町津江、黒瀬町乃美尾、黒瀬町丸山、黒瀬町南方、黒瀬町宗近柳国、黒瀬楢原北、黒瀬楢原西、黒瀬楢原東および黒瀬松ケ丘を除く。）
820	柳井	451	山口県光市（岩田、岩田立野、塩田、束荷および三輪に限る。）、柳井市、熊毛郡
820	久賀	452	山口県大島郡
823	呉	453	広島県江田島市、呉市、東広島市（黒瀬学園台、黒瀬春日野、黒瀬切田が丘、黒瀬桜が丘、黒瀬町市飯田、黒瀬町大多田、黒瀬町小多田、黒瀬町兼沢、黒瀬町兼広、黒瀬町上保田、黒瀬町川角、黒瀬町切田、黒瀬町国近、黒瀬町菅田、黒瀬町津江、黒瀬町乃美尾、黒瀬町丸山、黒瀬町南方、黒瀬町宗近柳国、黒瀬楢原北、黒瀬楢原西、黒瀬楢原東および黒瀬松ケ丘に限る。）
824	三次	454	広島県三次市（甲奴町を除く。）
824	庄原	456-2	広島県庄原市（東城町を除く。）
826	千代田	461	広島県山県郡北広島町（雲耕、移原、大暮、大利原、大元、奥中原、奥原、苅屋形、川小田、草安、荒神原、小原、才乙、高野、土橋、中祖、南門原、西八幡原、橋山、東八幡原、細見、政所、溝口、宮地および米沢を除く。）
826	安芸吉田	462	広島県安芸高田市
826	加計	463-2	広島県山県郡（安芸太田町および北広島町（雲耕、移原、大暮、大利原、大元、奥中原、奥原、苅屋形、川小田、草安、荒神原、小原、才乙、高野、土橋、中祖、南門原、西八幡原、橋山、東八幡原、細見、政所、溝口、宮地および米沢に限る。）に限る。）
827	岩国	465-2	広島県大竹市、山口県岩国市、玖珂郡
829	廿日市	467	広島県廿日市市、広島市佐伯区（杉並台および湯来町に限る。）
83	下関	468-2	山口県下関市
83	山口	481-3	山口県山口市（阿知須、徳地伊賀地、徳地小古祖、徳地上村、徳地岸見、徳地串、徳地鯖河内、徳地島地、徳地野谷、徳地引谷、徳地深谷、徳地藤木、徳地船路、徳地堀、徳地三谷、徳地八坂、徳地山畑および徳地柚木を除く。）
8396	山口	483	山口県美祢市美東町
833	下松	469	山口県下松市、光市（岩田、岩田立野、塩田、束荷および三輪を除く。）、周南市（大河内、奥関屋、勝間ケ丘、勝間原、熊毛中央、御所尾原、小松原、幸ケ丘、自由ケ丘、新清光台、清光台、清尾、高水原、鶴見台、中村、原、樋口、緑ケ丘、八代、安田、夢ケ丘、呼坂および呼坂本町に限る｡ ）
834	徳山	470	山口県周南市（大河内、奥関屋、勝間ケ丘、勝間原、熊毛中央、御所尾原、小松原、幸ケ丘、自由ケ丘、新清光台、清光台、清尾、高水原、鶴見台、中村、原、樋口、緑ケ丘、八代、安田、夢ケ丘、呼坂および呼坂本町を除く｡ ）
835	防府	471	山口県防府市、山口市（徳地伊賀地、徳地小古祖、徳地上村、徳地岸見、徳地串、徳地鯖河内、徳地島地、徳地野谷、徳地引谷、徳地深谷、徳地藤木、徳地船路、徳地堀、徳地三谷、徳地八坂、徳地山畑および徳地柚木に限る。）
836	宇部	472	山口県宇部市、山陽小野田市、山口市阿知須
837	長門	474	山口県長門市
837	美祢	475-2	山口県美祢市（美東町を除く。）
838	萩	477	山口県萩市（江崎、片俣、上小川西分、上小川東分、上田万、吉部上、吉部下、下小川、下田万、須佐、鈴野川、高佐上、高佐下、中小川、弥富上および弥富下を除く。）
8387	田万川	478	山口県萩市（江崎、上小川西分、上小川東分、上田万、下小川、下田万、須佐、鈴野川、中小川、弥富上および弥富下に限る。）
8388	田万川	479	山口県萩市（片俣、吉部上、吉部下、高佐上および高佐下に限る。）、阿武郡
84	福山	499	広島県福山市（今津町、金江町金見、金江町藁江、神村町、新市町、高西町川尻、高西町真田、高西町南、東村町、藤江町、本郷町、松永町、南松永町、宮前町および柳津町を除く。）（ただし、福山市（今津町、内海町、金江町金見、金江町藁江、神村町、神辺町、新市町、高西町川尻、高西町真田、高西町南、東村町、藤江町、本郷町、松永町、南松永町、沼隈町、宮前町および柳津町を除く。）における市外局番を除く電気通信番号による発信については、番号区画コード498の番号区画を含む。）
84	尾道	498	広島県福山市（今津町、金江町金見、金江町藁江、神村町、高西町川尻、高西町真田、高西町南、東村町、藤江町、本郷町、松永町、南松永町、宮前町および柳津町に限る。）（ただし、市外局番を除く電気通信番号による発信については、番号区画コード499の番号区画（福山市（内海町、神辺町および沼隈町に限る。）を除く。）を含む。）
848	尾道	496-2	広島県尾道市（因島大浜町、因島鏡浦町、因島重井町、因島洲江町、因島田熊町、因島外浦町、因島中庄町、因島土生町、因島原町、因島三庄町、因島椋浦町および瀬戸田町を除く。）、三原市（久井町および大和町を除く。）
845	因島	485	広島県尾道市（因島大浜町、因島鏡浦町、因島重井町、因島洲江町、因島田熊町、因島外浦町、因島中庄町、因島土生町、因島原町、因島三庄町、因島椋浦町および瀬戸田町に限る。）
846	竹原	486	広島県竹原市、東広島市安芸津町
846	木江	487	広島県豊田郡
847	府中	488-2	広島県福山市新市町、府中市、三次市甲奴町
847	甲山	489-3	広島県三原市（久井町および大和町に限る。）、世羅郡
847	東城	495	広島県神石郡
8477	東城	494	広島県庄原市東城町
8512	西郷	500	島根県隠岐郡隠岐の島町
8514	海士	501	島根県隠岐郡（隠岐の島町を除く。）
852	松江	502	島根県松江市
853	出雲	503	島根県出雲市
854	安来	504	島根県安来市
854	木次	505	島根県雲南市（掛合町および吉田町を除く。）、仁多郡
854	掛合	506	島根県雲南市（掛合町および吉田町に限る。）、飯石郡
854	石見大田	507	島根県大田市（川合町および温泉津町を除く。）
855	浜田	508	島根県浜田市
855	江津	509	島根県大田市湯泉津町、江津市（桜江町を除く。）
855	川本	510	島根県大田市川合町、江津市桜江町、邑智郡
856	益田	511	島根県益田市
856	津和野	512	島根県鹿足郡
857	鳥取	513	鳥取県鳥取市（河原町、佐治町および用瀬町を除く。）、岩美郡
858	郡家	514	鳥取県鳥取市（河原町、佐治町および用瀬町に限る。）、八頭郡
858	倉吉	515	鳥取県倉吉市、西伯郡大山町（赤坂、石井垣、上市、岡、栄田、塩津、下市、下甲、住吉、退休寺、高橋、田中、潮音寺、束積、殿河内、長野、羽田井、樋口、松河原、御崎および八重に限る。）、東伯郡
859	米子	516	鳥取県境港市、米子市、西伯郡（大山町（赤坂、石井垣、上市、岡、栄田、塩津、下市、下甲、住吉、退休寺、高橋、田中、潮音寺、束積、殿河内、長野、羽田井、樋口、松河原、御崎および八重に限る。）を除く。）
859	根雨	517	鳥取県日野郡
86	倉敷	518	岡山県岡山市南区（植松、西畦および箕島に限る。）、倉敷市、都窪郡
86	岡山	519	岡山県赤磐市（穂崎および馬屋に限る。）、岡山市（南区（植松、西畦および箕島に限る。）を除く。）、瀬戸内市邑久町（福山、大富、北島および向山に限る。）、久米郡久米南町
86	赤磐	538-2	岡山県赤磐市（穂崎および馬屋を除く。）、久米郡美咲町（飯岡および高下に限る。）
863	玉野	520	岡山県玉野市
865	鴨方	522-2	岡山県浅口市
865	笠岡	525	岡山県笠岡市、浅口郡
866	高梁	526	岡山県高梁市、真庭市（阿口、上呰部、上中津井、上水田、五名、下呰部、下中津井、宮地および山田に限る。）、加賀郡吉備中央町（上竹、北、黒土、黒山、岨谷、竹荘、田土、豊野、西、納地、宮地、湯山および吉川に限る。）
866	井原	527	岡山県井原市、小田郡
866	総社	528	岡山県総社市
867	新見	529	岡山県新見市
867	久世	530	岡山県真庭市（阿口、上呰部、上中津井、上水田、五名、下呰部、下中津井、宮地および山田を除く。）、苫田郡鏡野町（大、楠、富仲間、富西谷および富東谷に限る。）、真庭郡
867	加茂川	531	岡山県加賀郡吉備中央町（上竹、北、黒土、黒山、岨谷、竹荘、田土、豊野、西、納地、宮地、湯山および吉川を除く。）、久米郡美咲町（上口、江与味、北、小山、里、栃原、中、中垪和、西、西川、西川上、西垪和、東垪和および南に限る。）
868	津山	532	岡山県津山市、勝田郡、久米郡美咲町（飯岡、上口、江与味、北、高下、小山、里、栃原、中、中垪和、西、西川、西川上、西垪和、東垪和および南を除く。）、苫田郡鏡野町（大、楠、富仲間、富西谷および富東谷を除く。）
868	美作	533	岡山県美作市、英田郡
869	備前	534	岡山県瀬戸内市長船町長船、備前市、和気郡
869	邑久	535-2	岡山県瀬戸内市（邑久町（福山、大富、北島および向山に限る。）および長船町長船を除く。）
87	高松	542	香川県さぬき市（小田、鴨部、鴨庄、志度および末に限る。）、高松市、綾歌郡綾川町、香川郡、木田郡
875	観音寺	540	香川県観音寺市（豊浜町箕浦を除く。）、三豊市
877	丸亀	541	香川県坂出市、善通寺市、丸亀市、綾歌郡宇多津町、仲多度郡
879	三本松	543	香川県さぬき市（小田、鴨部、鴨庄、志度および末を除く。）､東かがわ市
879	土庄	544	香川県小豆郡
88	徳島	557-2	徳島県阿波市（秋月、浦池、柿原、郡、五条、西条、高尾、土成、成当、水田、宮川内および吉田に限る。）、徳島市、鳴門市、板野郡、名西郡、名東郡
88	高知	563-2	高知県高知市、須崎市（浦ノ内出見、浦ノ内今川内、浦ノ内塩間、浦ノ内下中山、浦ノ内灰方および浦ノ内福良に限る。）、土佐市、南国市、吾川郡いの町
880	土佐中村	545	高知県四万十市、幡多郡（大月町を除く。）
880	宿毛	546	高知県宿毛市、幡多郡大月町
880	窪川	547-2	高知県高岡郡四万十町
880	土佐清水	548	高知県土佐清水市
883	鴨島	549	徳島県阿波市（秋月、浦池、柿原、郡、五条、西条、高尾、土成、成当、水田、宮川内および吉田を除く。）、吉野川市
883	脇町	550	徳島県美馬市、美馬郡
883	阿波池田	551	徳島県三好市、三好郡
884	阿南	552	徳島県阿南市
884	丹生谷	553	徳島県那賀郡
884	牟岐	554-2	徳島県海部郡
885	小松島	555-2	徳島県小松島市、勝浦郡
887	嶺北	558	高知県土佐郡、長岡郡（大豊町（馬瀬、角茂谷、久寿軒および戸手野に限る。）を除く。）
887	室戸	559-2	高知県室戸市、安芸郡東洋町
887	安芸	560-3	高知県安芸市、安芸郡（馬路村、北川村、芸西村、田野町、奈半利町および安田町に限る。）
887	土佐山田	562-2	高知県香美市、香南市、長岡郡大豊町（馬瀬、角茂谷、久寿軒および戸手野に限る。）
889	佐川	564	高知県吾川郡仁淀川町、高岡郡（越知町、佐川町および日高村に限る。）
889	須崎	565	高知県須崎市（浦ノ内出見、浦ノ内今川内、浦ノ内塩間、浦ノ内下中山、浦ノ内灰方および浦ノ内福良を除く。）、高岡郡（津野町、中土佐町および檮原町に限る。）
89	松山	576	愛媛県伊予市、東温市、松山市、伊予郡
892	久万	566	愛媛県上浮穴郡、喜多郡内子町（臼杵、大平、小田、上川、上田渡、立石、寺村、中川、中田渡、日野川、本川、南山および吉野川に限る。）
893	大洲	567	愛媛県大洲市、喜多郡内子町（臼杵、大平、小田、上川、上田渡、立石、寺村、中川、中田渡、日野川、本川、南山および吉野川を除く。）
894	八幡浜	568	愛媛県西予市三瓶町、八幡浜市、西宇和郡
894	宇和	569	愛媛県西予市（三瓶町を除く。）
895	宇和島	570	愛媛県宇和島市、北宇和郡
895	御荘	571	愛媛県南宇和郡
896	伊予三島	572	愛媛県四国中央市、香川県観音寺市豊浜町箕浦
897	伯方	573	愛媛県今治市（大三島町、上浦町、関前大下、関前岡村、関前小大下、伯方町、宮窪町および吉海町に限る。）、越智郡
897	新居浜	574	愛媛県西条市（明理川、石田、石延、今在家、円海寺、大新田、大野、上市、河之内、河原津、河原津新田、喜多台、楠、国安、黒谷、桑村、小松町、周布、新市、新町、実報寺、高田、玉之江、旦之上、丹原町、壬生川、広江、広岡、福成寺、北条、三津屋、三津屋東、三津屋南、宮之内、三芳、安用、安用出作および吉田を除く。）、新居浜市
898	今治	575	愛媛県今治市（大三島町、上浦町、関前大下、関前岡村、関前小大下、伯方町、宮窪町および吉海町を除く。）、西条市（明理川、石田、石延、今在家、円海寺、大新田、大野、上市、河之内、河原津、河原津新田、喜多台、楠、国安、黒谷、桑村、小松町、実報寺、周布、新市、新町、高田、玉之江、旦之上、丹原町、壬生川、広江、広岡、福成寺、北条、三津屋、三津屋東、三津屋南、宮之内、三芳、安用、安用出作および吉田に限る。）
92	前原	577	福岡県糸島市（市外局番を除く電気通信番号による発信については、番号区画コード578の番号区画を含む。）
92	福岡	578	福岡県大野城市、春日市、古賀市、太宰府市、筑紫野市、那珂川市、福岡市、糟屋郡（市外局番を除く電気通信番号による発信については、番号区画コード577の番号区画を含む。）
920	郷ノ浦	579	長崎県壱岐市
920	厳原	580	長崎県対馬市（厳原町、豊玉町および美津島町に限る｡ ）
920	対馬佐賀	581	長崎県対馬市（上県町、上対馬町および峰町に限る｡ ）
93	北九州	582	福岡県北九州市、中間市、遠賀郡、京都郡苅田町（与原、新津、下新津、二崎、下片島、稲光、法正寺、葛川、上片島、谷、鋤崎、山口、岡崎および黒添を除く。）
930	行橋	583	福岡県行橋市、京都郡（苅田町（与原、新津、下新津、二崎、下片島、稲光、法正寺、葛川、上片島、谷、鋤崎、山口、岡崎および黒添に限る。）およびみやこ町に限る。）、築上郡築上町
940	宗像	584	福岡県福津市、宗像市
942	久留米	585	佐賀県鳥栖市、三養基郡（上峰町を除く。）、福岡県小郡市、久留米市（田主丸町を除く。）、筑後市（下妻、富安および馬間田を除く。）、みやま市瀬高町長田、三井郡、八女郡広川町（広川および藤田に限る。）
943	八女	586	福岡県八女市、八女郡広川町（広川および藤田を除く。）
943	田主丸	587	福岡県うきは市、久留米市田主丸町
944	瀬高	588	熊本県荒尾市（上井手および下井手に限る。）、福岡県大川市、大牟田市、筑後市（下妻、富安および馬間田に限る。）、みやま市（瀬高町長田を除く。）、柳川市、三潴郡
946	甘木	589	福岡県朝倉市、朝倉郡
947	田川	590	福岡県田川市、田川郡
948	飯塚	591	福岡県飯塚市、嘉麻市、嘉穂郡
949	直方	592	福岡県直方市、宮若市、鞍手郡鞍手町
949	直方	593	鞍手郡小竹町
95	長崎	603	長崎県長崎市（赤首町、池島町、上大野町、上黒崎町、神浦江川町、神浦扇山町、神浦上大中尾町、神浦上道徳町、神浦北大中尾町、神浦口福町、神浦下大中尾町、神浦下道徳町、神浦夏井町、神浦丸尾町、神浦向町、下大野町、下黒崎町、新牧野町、永田町、西出津町および東出津町を除く。）、西彼杵郡
950	平戸	594	長崎県平戸市
952	佐賀	595	佐賀県小城市、神埼市、佐賀市、多久市、神埼郡、杵島郡（大町町、江北町および白石町（牛屋、坂田、新開、新明、田野上、戸ヶ里、深浦および辺田を除く。）に限る。）、三養基郡上峰町
954	武雄	596	佐賀県嬉野市嬉野町、武雄市
954	鹿島	597	佐賀県嬉野市（嬉野町を除く。）、鹿島市、杵島郡白石町（牛屋、坂田、新開、新明、田野上、戸ヶ里、深浦および辺田に限る。）、藤津郡
955	唐津	598	佐賀県唐津市、東松浦郡
955	伊万里	599	佐賀県伊万里市、西松浦郡、長崎県松浦市（鷹島町および福島町に限る。）
956	佐世保	600	長崎県佐世保市（宇久町を除く。）、松浦市（鷹島町および福島町を除く。）、北松浦郡佐々町、東彼杵郡（東彼杵町を除く。）
957	諫早	601	長崎県諫早市、雲仙市（愛野町、吾妻町および千々石町に限る。）、大村市、東彼杵郡東彼杵町
957	島原	602	長崎県雲仙市（愛野町、吾妻町および千々石町を除く。）、島原市、南島原市
959	大瀬戸	604	長崎県西海市、長崎市（赤首町、池島町、上大野町、上黒崎町、神浦江川町、神浦扇山町、神浦上大中尾町、神浦上道徳町、神浦北大中尾町、神浦口福町、神浦下大中尾町、神浦下道徳町、神浦夏井町、神浦丸尾町、神浦向町、下大野町、下黒崎町、新牧野町、永田町、西出津町および東出津町に限る。）
959	福江	605	長崎県五島市
959	有川	606	長崎県佐世保市宇久町、北松浦郡（佐々町を除く。）、南松浦郡
96	熊本	607	熊本県熊本市（南区（城南町赤見、城南町阿高、城南町碇、城南町出水、城南町今吉野、城南町隈庄、城南町坂野、城南町さんさん、城南町沈目、城南町島田、城南町下宮地、城南町陳内、城南町高、城南町千町、城南町築地、城南町塚原、城南町永、城南町丹生宮、城南町東阿高、城南町藤山、城南町舞原、城南町宮地、城南町六田および城南町鰐瀬に限る。）を除く。）、合志市、阿蘇郡西原村、上益城郡（山都町を除く。）、菊池郡
964	松橋	608	熊本県宇城市、宇土市、上天草市大矢野町、熊本市南区（城南町赤見、城南町阿高、城南町碇、城南町出水、城南町今吉野、城南町隈庄、城南町坂野、城南町さんさん、城南町沈目、城南町島田、城南町下宮地、城南町陳内、城南町高、城南町千町、城南町築地、城南町塚原、城南町永、城南町丹生宮、城南町東阿高、城南町藤山、城南町舞原、城南町宮地、城南町六田および城南町鰐瀬に限る。）、下益城郡、八代郡氷川町（高塚および吉本に限る。）
965	八代	609	熊本県八代市、八代郡氷川町（高塚および吉本を除く。）
966	人吉	610	熊本県人吉市、球磨郡
966	水俣	611	熊本県水俣市、葦北郡
967	熊本一の宮	612	熊本県阿蘇市、阿蘇郡（産山村、小国町および南小国町に限る。）
967	矢部	613	熊本県上益城郡山都町
967	高森	614	熊本県阿蘇郡（高森町および南阿蘇村に限る。）
968	山鹿	615	熊本県菊池市、山鹿市、玉名郡和水町（板楠、岩、大田黒、上板楠、上十町、上和仁、津田、中十町、中林、中和仁、西吉地、野田、東吉地、平野、山十町および和仁に限る。）
968	玉名	616	熊本県荒尾市（上井手および下井手を除く。）、玉名市、玉名郡（和水町（板楠、岩、大田黒、上板楠、上十町、上和仁、津田、中十町、中林、中和仁、西吉地、野田、東吉地、平野、山十町および和仁に限る。）を除く。）
969	天草	617-2	熊本県天草市、上天草市（大矢野町を除く。）、天草郡
97	大分	625	大分県大分市、豊後大野市犬飼町、由布市（湯布院町を除く。）
972	佐伯	619	大分県佐伯市
972	臼杵	620	大分県臼杵市（野津町を除く。）、津久見市
973	日田	621	大分県日田市
973	玖珠	622	大分県玖珠郡
974	三重	623	大分県臼杵市野津町、豊後大野市（朝地町および犬飼町を除く。）
974	竹田	624	大分県竹田市、豊後大野市朝地町
977	別府	626	大分県杵築市山香町、別府市、由布市湯布院町、速見郡
978	国東	627	大分県国東市（国東町および国見町に限る。）、東国東郡
978	豊後高田	628	大分県宇佐市、杵築市（大田石丸、大田小野、大田沓掛、大田白木原、大田永松、大田波多方および大田俣水に限る。）、豊後高田市
978	杵築	629	大分県杵築市（大田石丸、大田小野、大田沓掛、大田白木原、大田永松、大田波多方、大田俣水および山香町を除く。）、国東市（国東町および国見町を除く。）
979	中津	630	大分県中津市、福岡県豊前市、築上郡（上毛町および吉富町に限る。）
98	那覇	631	沖縄県糸満市、浦添市、うるま市、沖縄市、宜野湾市、豊見城市、那覇市、南城市、国頭郡（恩納村、宜野座村および金武町に限る。）、島尻郡（伊是名村、伊平屋村、北大東村および南大東村を除く。）、中頭郡
980	名護	632	沖縄県名護市、国頭郡（伊江村、大宜味村、国頭村、今帰仁村、東村および本部町に限る。）、島尻郡（伊是名村および伊平屋村に限る。）
980	沖縄宮古	634	沖縄県宮古島市、宮古郡
980	八重山	635	沖縄県石垣市、八重山郡
9802	南大東	633	沖縄県島尻郡（北大東村および南大東村に限る。）
982	延岡	636	宮崎県延岡市、児湯郡木城町中之又
982	日向	637	宮崎県日向市、東臼杵郡（椎葉村大河内を除く。）
982	高千穂	638	宮崎県西臼杵郡
983	高鍋	639	宮崎県西都市（現王島を除く。）、児湯郡（木城町中之又を除く。）、東臼杵郡椎葉村大河内
984	小林	640	宮崎県えびの市、小林市、西諸県郡
985	宮崎	641	宮崎県西都市現王島、宮崎市、東諸県郡
986	都城	642	鹿児島県曽於市（大隅町を除く。）、宮崎県都城市、北諸県郡
987	日南	643	宮崎県串間市、日南市
99	鹿児島	646	鹿児島県鹿児島市、日置市
99	志布志	649	鹿児島県鹿屋市輝北町、志布志市、曽於市大隅町、曽於郡
9912	中之島	644	鹿児島県鹿児島郡十島村
9913	硫黄島	645	鹿児島県鹿児島郡三島村
993	指宿	647	鹿児島県指宿市、南九州市頴娃町
993	加世田	648	鹿児島県枕崎市、南九州市（頴娃町を除く。）、南さつま市
994	鹿屋	650	鹿児島県鹿屋市（輝北町を除く。）、垂水市、肝属郡（肝付町および東串良町に限る。）
994	大根占	651	鹿児島県肝属郡（錦江町および南大隅町に限る。）
995	加治木	652	鹿児島県姶良市、霧島市、姶良郡
995	大口	653	鹿児島県伊佐市
996	出水	654	鹿児島県阿久根市、出水市、出水郡
996	川内	655	鹿児島県いちき串木野市、薩摩川内市（鹿島町、上甑町、里町および下甑町を除く。）、薩摩郡
9969	中甑	656	鹿児島県薩摩川内市（鹿島町、上甑町、里町および下甑町に限る。）
997	名瀬	657	鹿児島県奄美市、大島郡（宇検村、喜界町、龍郷町および大和村に限る。）
997	徳之島	658	鹿児島県大島郡（宇検村、喜界町、瀬戸内町、龍郷町および大和村を除く。）
997	種子島	659	鹿児島県西之表市、熊毛郡（屋久島町を除く。）
997	屋久島	660	鹿児島県熊毛郡屋久島町
997	瀬戸内	661	鹿児島県大島郡瀬戸内町
